Country,Raw_Links,Filter1_links,,Date,Time
India,"['https://economictimes.indiatimes.com/tech/technology/india-fastest-growing-office-for-palo-alto-in-last-five-years-ceo-nikesh-arora/articleshow/104805464.cms', 'https://government.economictimes.indiatimes.com/news/secure-india/bharat-national-cyber-security-exercise-2023-elevating-cybersecurity-preparedness-to-new-level/104663448', 'https://www.firstpost.com/india/india-made-three-attempts-to-come-up-with-a-national-security-strategy-but-13297932.html', 'https://icwa.in/show_content.php?lang=1&level=1&ls_id=10078&lid=6428', 'https://www.tandfonline.com/doi/full/10.1080/13523260.2023.2266906?src=', 'https://forumias.com/blog/answereddiscuss-various-threats-and-challenges-to-cyber-security-in-india-what-initiatives-are-being-taken-by-the-government-to-enhance-cyber-security-in-india/', 'https://www.nextias.com/current-affairs/25-10-2023/daily-current-affairs-25-10-2023/', 'https://www.cxotoday.com/specials/strategic-safeguards-7-steps-to-secure-your-business-amidst-the-rise-of-emerging-technologies/', 'https://www.csis.org/topics/cybersecurity', 'https://www.pwc.in/research-and-insights-hub/six-imperatives-to-scale-up-the-global-capability-centre-market-in-india.html', 'https://www.orfonline.org/', 'https://press.un.org/en/2023/gadis3725.doc.htm', 'https://www.csis.org/topics/cybersecurity?page=3', 'https://www.igi-global.com/viewtitle.aspx?TitleId=332288&isxn=9781668488461', 'https://www.cdac.in/', 'https://www.idsa.in/', 'https://www.ey.com/en_in', 'https://www.vodafone.com/about-vodafone/how-we-operate/our-strategy', 'https://m.economictimes.com/', 'https://www.brookings.edu/centers/strobe-talbott-center-for-security-strategy-and-technology/']","(['https://icwa.in/show_content.php?lang=1&level=1&ls_id=10078&lid=6428', 'https://www.csis.org/topics/cybersecurity?page=3', 'https://www.pwc.in/research-and-insights-hub/six-imperatives-to-scale-up-the-global-capability-centre-market-in-india.html', 'https://www.cdac.in/', 'https://www.orfonline.org/', 'https://government.economictimes.indiatimes.com/news/secure-india/bharat-national-cyber-security-exercise-2023-elevating-cybersecurity-preparedness-to-new-level/104663448', 'https://economictimes.indiatimes.com/tech/technology/india-fastest-growing-office-for-palo-alto-in-last-five-years-ceo-nikesh-arora/articleshow/104805464.cms', 'https://www.csis.org/topics/cybersecurity', 'https://press.un.org/en/2023/gadis3725.doc.htm', 'https://www.idsa.in/'], ['.in'])",,30/10/2023,
Singapore,"['https://www.mas.gov.sg/news/media-releases/2023/csap-2023', 'https://www.csa.gov.sg/', 'https://securitydelta.nl/news/overview/nl-missions-on-cyber-security-and-digitalisation-to-singapore', 'https://www.igi-global.com/chapter/strengthening-cybersecurity-in-singapore/210940', 'https://press.un.org/en/2023/gadis3725.doc.htm', 'https://www.kroll.com/en/insights/publications/cyber/2023-sec-cybersecurity-rules', 'https://www.ft.com/partnercontent/google/help-wanted-tackling-the-talent-gap-in-cyber-security.html', 'https://www.hindustantimes.com/ht-insight/international-affairs/strategic-partners-malaysia-singapore-bilateral-relations-101698308991126.html', 'https://icwa.in/show_content.php?lang=1&level=1&ls_id=10078&lid=6428', 'https://www3.weforum.org/docs/WEF_Response_to_the_White_House%E2%80%99s_Request_on_Harmonizing_Cybersecurity_Regulations_2023.pdf', 'https://www.centerforcybersecuritypolicy.org/insights-and-research/episode-8-the-dmca-triennial-process-with-dojs-jason-gull', 'https://www.efinancialcareers.se/jobs-Singapore-Singapore-Security_Architect.id20397437', 'https://www.techuk.org/accelerating-innovation/cyber-security.html', 'https://www.imd.org/research-knowledge/technology-management/articles/why-chinas-new-cybersecurity-law-is-a-threat-to-international-businesses-and-innovation/', 'https://www.enisa.europa.eu/news/germany-wins-the-2023-european-cybersecurity-challenge', 'https://ciosea.economictimes.indiatimes.com/news/security/for-apac-cisos-building-a-positive-cyber-civic-culture-within-all-different-business-units-is-critical-kawin-boonyapredee/104742731', 'https://thediplomat.com/', 'https://sg.linkedin.com/company/ensign-infosecurity', 'https://www.aspi.org.au/', 'https://www.thalesgroup.com/en']","(['https://www.mas.gov.sg/news/media-releases/2023/csap-2023', 'https://www.csa.gov.sg/', 'https://www.centerforcybersecuritypolicy.org/insights-and-research/episode-8-the-dmca-triennial-process-with-dojs-jason-gull', 'https://www.imd.org/research-knowledge/technology-management/articles/why-chinas-new-cybersecurity-law-is-a-threat-to-international-businesses-and-innovation/', 'https://www.techuk.org/accelerating-innovation/cyber-security.html', 'https://press.un.org/en/2023/gadis3725.doc.htm', 'https://www3.weforum.org/docs/WEF_Response_to_the_White_House%E2%80%99s_Request_on_Harmonizing_Cybersecurity_Regulations_2023.pdf', 'https://www.aspi.org.au/'], ['.gov.sg'])",,30/10/2023,
United States,"['https://www.csis.org/topics/cybersecurity', 'https://www.cisa.gov/news-events/news/cisa-announces-new-release-logging-made-easy', 'https://www.bakerlaw.com/insights/addressing-the-secs-new-cybersecurity-risk-management-strategy-governance-and-incident-disclosure-requirements/', 'https://www.cfr.org/defense-and-security/cybersecurity', 'https://www.cybersecuritydive.com/topic/regulation/', 'https://www.politico.com/newsletters/weekly-cybersecurity', 'https://csrc.nist.gov/news', 'https://www.commerce.gov/news/blog/2023/10/national-cybersecurity-month-protecting-yourself-online', 'https://press.un.org/en/2023/gadis3725.doc.htm', 'https://www.energy.gov/ceser/news-highlights', 'https://home.treasury.gov/policy-issues/international/g-7-and-g-20/g7-cyber-expert-group', 'https://www3.weforum.org/docs/WEF_Response_to_the_White_House%E2%80%99s_Request_on_Harmonizing_Cybersecurity_Regulations_2023.pdf', 'https://www.nsa.gov/Press-Room/News-Highlights/', 'https://www.brookings.edu/centers/strobe-talbott-center-for-security-strategy-and-technology/', 'https://www.atlanticcouncil.org/programs/scowcroft-center-for-strategy-and-security/', 'https://www.aspi.org.au/', 'https://um.fi/foreign-policy-and-security-policy', 'https://www.defense.gov/', 'https://www.nextgov.com/cybersecurity/', 'https://www.who.int/news']","(['https://www.nsa.gov/Press-Room/News-Highlights/', 'https://www.cisa.gov/news-events/news/cisa-announces-new-release-logging-made-easy', 'https://www.aspi.org.au/', 'https://www3.weforum.org/docs/WEF_Response_to_the_White_House%E2%80%99s_Request_on_Harmonizing_Cybersecurity_Regulations_2023.pdf', 'https://www.energy.gov/ceser/news-highlights', 'https://home.treasury.gov/policy-issues/international/g-7-and-g-20/g7-cyber-expert-group', 'https://www.atlanticcouncil.org/programs/scowcroft-center-for-strategy-and-security/', 'https://www.csis.org/topics/cybersecurity', 'https://www.commerce.gov/news/blog/2023/10/national-cybersecurity-month-protecting-yourself-online', 'https://csrc.nist.gov/news', 'https://press.un.org/en/2023/gadis3725.doc.htm', 'https://www.defense.gov/', 'https://www.cfr.org/defense-and-security/cybersecurity'], ['.us'])",,30/10/2023,
Netherlands,"['https://igamingbusiness.com/tech-innovation/cybersecurity/netherlands-gambling-concerns/', 'https://securitydelta.nl/news/overview/nl-missions-on-cyber-security-and-digitalisation-to-singapore', 'https://www.igi-global.com/viewtitle.aspx?TitleId=332289&isxn=9781668488461', 'https://www.dataguidance.com/news/netherlands-court-rules-criteo-unable-place-cookies', 'https://press.un.org/en/2023/gadis3725.doc.htm', 'https://www.nwo.nl/en/meetings/online-information-meeting-cybersecurity-for-digital-resilience', 'https://www.clingendael.org/publication/dutch-niches-global-gateway-digital-domain', 'https://hcss.nl/', 'https://www.euractiv.com/section/cybersecurity/news/eu-parliament-set-to-request-involvement-in-cybersecurity-certification-schemes/', 'https://www.dnb.nl/en/general-news/', 'https://www.enisa.europa.eu/', 'https://www.weforum.org/agenda/netherlands/', 'https://www.politico.eu/country/netherlands/', 'https://www.linkedin.com/posts/samantha-m-mims_as-august-comes-to-a-close-so-does-my-time-activity-7101504994905862144-4Uug?trk=public_profile_like_view', 'https://www.atlanticcouncil.org/programs/scowcroft-center-for-strategy-and-security/', 'https://www.linkedin.com/posts/kohlivikas_thankyou-job-activity-7046163495934902272-CyaT?trk=public_profile_like_view', 'https://www.cfr.org/expert/adam-segal', 'https://scs.georgetown.edu/news-and-events/event/9303/cybersecurity-risk-management-webinar-2023-10-30', 'https://www.ey.com/en_gl/ceo/ceo-outlook-global-report', 'https://konbriefing.com/en-topics/cyber-attacks.html']","(['https://www.euractiv.com/section/cybersecurity/news/eu-parliament-set-to-request-involvement-in-cybersecurity-certification-schemes/', 'https://www.cfr.org/expert/adam-segal', 'https://www.weforum.org/agenda/netherlands/', 'https://www.politico.eu/country/netherlands/', 'https://www.nwo.nl/en/meetings/online-information-meeting-cybersecurity-for-digital-resilience', 'https://hcss.nl/', 'https://securitydelta.nl/news/overview/nl-missions-on-cyber-security-and-digitalisation-to-singapore', 'https://www.atlanticcouncil.org/programs/scowcroft-center-for-strategy-and-security/', 'https://www.enisa.europa.eu/', 'https://press.un.org/en/2023/gadis3725.doc.htm', 'https://www.clingendael.org/publication/dutch-niches-global-gateway-digital-domain', 'https://www.dnb.nl/en/general-news/'], ['.nl'])",,30/10/2023,
Luxembourg,"['https://www.igi-global.com/viewtitle.aspx?TitleId=332289&isxn=9781668488461', 'https://www.linkedin.com/posts/jeandiederich_cybersecurity-cybermonth-ai-activity-7122958714646482944-tQ55', 'https://www.siliconluxembourg.lu/category/business/cybersecurity/page/5/', 'https://www.luxinnovation.lu/media/all-news/?categories_id%5B0%5D=56', 'https://digitalskills.lu/article/call-for-experts-skills-and-jobs-workshop-at-the-luxembourg-internet-days/', 'https://www.lexisnexis.co.uk/legal/guidance/protection-of-critical-infrastructure-cyber-security-in-the-eu-energy-sector', 'https://um.fi/foreign-policy-and-security-policy', 'https://www.investinluxembourg.co.il/', 'https://www.consilium.europa.eu/en/meetings/fac/2023/10/23/', 'https://www.rcainc.com/published-articles/medical-device-cybersecurity/', 'https://www.who.int/europe/news-room/events/item/2023/11/09/default-calendar/third-meeting-of-the-technical-advisory-group-(tag)-on-the-development-of-the-strategy-and-action-plan-on-health-emergency-preparedness--response--and-resilience-(preparedness-2.0)-in-the-who-european-region', 'https://scs.georgetown.edu/news-and-events/event/9303/cybersecurity-risk-management-webinar-2023-10-30', 'https://www.who.int/europe/news-room/events/item/2023/10/23/default-calendar/international-conference-commemorating-alma-ata-45-and-astana-5---on-primary-health-care-policy-and-practice--implementing-for-better-results', 'https://www.state.gov/subjects/cyber-security/', 'https://www.vodafone.com/about-vodafone/how-we-operate/our-strategy', 'https://www.nti.org/news/', 'https://jobs.deloitte.lu/job/Luxembourg-Business-Analyst-%28mf%29-Job-based-in-Luxembourg/998800401/', 'https://www.ey.com/en_gl/tax-alerts', 'https://www.eda.admin.ch/eda/en/fdfa/fdfa/aktuell/newsuebersicht.html', 'https://atos.net/en']","(['https://www.luxinnovation.lu/media/all-news/?categories_id%5B0%5D=56', 'https://jobs.deloitte.lu/job/Luxembourg-Business-Analyst-%28mf%29-Job-based-in-Luxembourg/998800401/', 'https://digitalskills.lu/article/call-for-experts-skills-and-jobs-workshop-at-the-luxembourg-internet-days/', 'https://www.siliconluxembourg.lu/category/business/cybersecurity/page/5/', 'https://www.nti.org/news/', 'https://www.consilium.europa.eu/en/meetings/fac/2023/10/23/', 'https://www.state.gov/subjects/cyber-security/'], ['.lu'])",,30/10/2023,
Norway,"['https://cyware.com/category/laws-policy-regulations', 'https://www.enisa.europa.eu/news/germany-wins-the-2023-european-cybersecurity-challenge', 'https://www.enisa.europa.eu/events/ecsc-2023', 'https://assets.ey.com/content/dam/ey-sites/ey-com/no_no/news/news-2023/pdf/ey-2023-transparency-report-norway.pdf?download', 'https://www.weforum.org/agenda/norway/', 'https://fipra.com/update/nato-and-a-360-approach-to-cyber-security/', 'https://www.capgemini.com/no-no/news/', 'https://www.ankasam.org/cyber-attack-on-finland-and-regional-security/?lang=en', 'https://arcticwolf.com/resources/category/blog/', 'https://www.who.int/initiatives/intersun-programme/participating-countries-entities/norway', 'https://www.cnbc.com/id/10000281', 'https://www.trendmicro.com/en_my/research.html', 'https://www.rcainc.com/published-articles/medical-device-cybersecurity/', 'https://www.alstom.com/alstom-norway', 'https://www.vodafone.com/news/technology-news/vodafone-tdc', 'https://scs.georgetown.edu/news-and-events/event/9303/cybersecurity-risk-management-webinar-2023-10-30', 'https://konbriefing.com/en-topics/cyber-attacks.html', 'https://www.nti.org/news/', 'https://www.state.gov/subjects/cyber-security/', 'https://www.tietoevry.com/']","(['https://www.ankasam.org/cyber-attack-on-finland-and-regional-security/?lang=en', 'https://www.nti.org/news/', 'https://www.state.gov/subjects/cyber-security/', 'https://www.weforum.org/agenda/norway/'], ['.no'])",,30/10/2023,
Spain,"['https://www.realinstitutoelcano.org/en/analyses/spains-informal-china-policy-a-coherent-and-europeanist-approach/', 'https://www.igi-global.com/viewtitle.aspx?TitleId=332289&isxn=9781668488461', 'https://www.euractiv.com/sections/cybersecurity/', 'https://www.euractiv.com/section/cybersecurity/news/eu-parliament-set-to-request-involvement-in-cybersecurity-certification-schemes/', 'https://www.kroll.com/en/insights/publications/cyber/2023-sec-cybersecurity-rules', 'https://www.cfr.org/defense-and-security/cybersecurity', 'https://www.sans.org/blog/what-is-cyber-security-protecting-our-digital-tomorrow', 'https://www.weforum.org/agenda/spain/', 'https://www.ft.com/content/ba564832-8999-4a4a-9e08-743898ca4e60', 'https://www3.weforum.org/docs/WEF_Response_to_the_White_House%E2%80%99s_Request_on_Harmonizing_Cybersecurity_Regulations_2023.pdf', 'https://www.politico.eu/country/spain/', 'https://www.whitecase.com/insight-our-thinking/tech-newsflash', 'https://www.ey.com/en_gl/ceo/ceo-outlook-global-report', 'https://konbriefing.com/en-topics/cyber-attacks.html', 'https://scs.georgetown.edu/news-and-events/event/9303/cybersecurity-risk-management-webinar-2023-10-30', 'https://www.vodafone.com/about-vodafone/how-we-operate/our-strategy', 'https://www.telefonica.com/en/', 'https://www.state.gov/subjects/cyber-security/', 'https://www.vodafone.com/news/for-journalists', 'https://www.commerce.gov/news']","(['https://www.sans.org/blog/what-is-cyber-security-protecting-our-digital-tomorrow', 'https://www.politico.eu/country/spain/', 'https://www.weforum.org/agenda/spain/', 'https://www.commerce.gov/news', 'https://www.realinstitutoelcano.org/en/analyses/spains-informal-china-policy-a-coherent-and-europeanist-approach/', 'https://www.state.gov/subjects/cyber-security/', 'https://www.cfr.org/defense-and-security/cybersecurity', 'https://www.euractiv.com/section/cybersecurity/news/eu-parliament-set-to-request-involvement-in-cybersecurity-certification-schemes/', 'https://www.euractiv.com/sections/cybersecurity/', 'https://www3.weforum.org/docs/WEF_Response_to_the_White_House%E2%80%99s_Request_on_Harmonizing_Cybersecurity_Regulations_2023.pdf'], ['.es'])",,30/10/2023,
United Kingdom,"['https://www.bankinfosecurity.com/uk-parliament-probes-critical-infrastructure-cybersecurity-a-23400', 'https://www.kroll.com/en/insights/publications/cyber/2023-sec-cybersecurity-rules', 'https://www.cisa.gov/news-events/news/cisa-announces-new-release-logging-made-easy', 'https://www.csoonline.com/uk/', 'https://www.sans.org/blog/what-is-cyber-security-protecting-our-digital-tomorrow', 'https://www.politico.com/newsletters/weekly-cybersecurity', 'https://pe-insights.com/news/2023/10/25/tikehau-capital-launches-e200m-cybersecurity-fund-largest-in-europe/', 'https://www3.weforum.org/docs/WEF_Response_to_the_White_House%E2%80%99s_Request_on_Harmonizing_Cybersecurity_Regulations_2023.pdf', 'https://www.csis.org/programs/strategic-technologies-program', 'https://fipra.com/update/nato-and-a-360-approach-to-cyber-security/', 'https://www.whitecase.com/insight-our-thinking/tech-newsflash', 'https://www.brookings.edu/centers/strobe-talbott-center-for-security-strategy-and-technology/', 'https://www.atlanticcouncil.org/programs/scowcroft-center-for-strategy-and-security/', 'https://home.treasury.gov/policy-issues/international/g-7-and-g-20/g7-cyber-expert-group', 'https://www.chathamhouse.org/', 'https://atos.net/en-gb/united-kingdom', 'https://www.vodafone.com/about-vodafone/how-we-operate/our-strategy', 'https://www.aspi.org.au/', 'https://www.state.gov/subjects/cyber-security/', 'https://en.wikipedia.org/wiki/AUKUS']","(['https://www.atlanticcouncil.org/programs/scowcroft-center-for-strategy-and-security/', 'https://www3.weforum.org/docs/WEF_Response_to_the_White_House%E2%80%99s_Request_on_Harmonizing_Cybersecurity_Regulations_2023.pdf', 'https://www.aspi.org.au/', 'https://www.sans.org/blog/what-is-cyber-security-protecting-our-digital-tomorrow', 'https://www.cisa.gov/news-events/news/cisa-announces-new-release-logging-made-easy', 'https://en.wikipedia.org/wiki/AUKUS', 'https://www.csis.org/programs/strategic-technologies-program', 'https://www.state.gov/subjects/cyber-security/', 'https://home.treasury.gov/policy-issues/international/g-7-and-g-20/g7-cyber-expert-group', 'https://www.chathamhouse.org/'], ['.uk'])",,30/10/2023,
South Korea,"['https://koreapro.org/2023/10/south-koreas-entry-in-global-digital-economy-pact-signals-ambitious-goals/', 'https://www.internationalaffairs.org.au/australianoutlook/the-republic-of-korea-australia-security-nexus/', 'https://english.jagran.com/world/50-years-of-india-south-korea-diplomatic-relations-building-a-new-era-of-cooperation-10110137', 'https://thereadable.co/page/2/', 'https://www.cfr.org/defense-and-security', 'https://www.brookings.edu/centers/strobe-talbott-center-for-security-strategy-and-technology/', 'https://www.stimson.org/project/38-north/', 'https://www.commerce.gov/tags/indo-pacific-economic-framework', 'https://www.orfonline.org/', 'https://www.stimson.org/research/pivotal-places/asia-indopac/', 'https://www.ankasam.org/cyber-attack-on-finland-and-regional-security/?lang=en', 'https://www.cna.org/our-media/newsletters/intersections', 'https://www.nti.org/news/', 'https://www.aspi.org.au/', 'https://www.orfonline.org/tags/indo-pacific/', 'https://fiscalnote.com/press-room', 'https://thediplomat.com/', 'https://committees.parliament.uk/publications/41808/documents/207298/default/', 'https://www.state.gov/subjects/cyber-security/', 'https://www.atlanticcouncil.org/region/japan/']","(['https://www.aspi.org.au/', 'https://www.cfr.org/defense-and-security', 'https://www.stimson.org/project/38-north/', 'https://www.commerce.gov/tags/indo-pacific-economic-framework', 'https://www.state.gov/subjects/cyber-security/', 'https://koreapro.org/2023/10/south-koreas-entry-in-global-digital-economy-pact-signals-ambitious-goals/', 'https://www.atlanticcouncil.org/region/japan/', 'https://www.ankasam.org/cyber-attack-on-finland-and-regional-security/?lang=en', 'https://www.internationalaffairs.org.au/australianoutlook/the-republic-of-korea-australia-security-nexus/', 'https://www.stimson.org/research/pivotal-places/asia-indopac/', 'https://www.orfonline.org/', 'https://www.nti.org/news/', 'https://www.cna.org/our-media/newsletters/intersections', 'https://www.orfonline.org/tags/indo-pacific/'], ['.kr', '.itu'])",,30/10/2023,
Belgium,"['https://www.igi-global.com/viewtitle.aspx?TitleId=332289&isxn=9781668488461', 'https://darktrace.com/news/belgiums-largest-hospital-fights-cyber-attacks-with-ai', 'https://www.ey.com/en_be/news/2023/10/ey-belgiums-revenue-up-12-percent', 'https://www.lexisnexis.co.uk/legal/guidance/protection-of-critical-infrastructure-cyber-security-in-the-eu-energy-sector', 'https://www.coe.int/en/web/cybercrime/cybereast', 'https://www3.weforum.org/docs/WEF_Response_to_the_White_House%E2%80%99s_Request_on_Harmonizing_Cybersecurity_Regulations_2023.pdf', 'https://www.weforum.org/agenda/belgium/', 'https://www.ft.com/cyber-security', 'https://www.linkedin.com/posts/nina-olesen_what-a-start-to-the-week-exceptionally-honoured-activity-7119605887807156224-29Jx?trk=public_profile_like_view', 'https://www.hpe.com/be/en/what-is/cybersecurity-threats.html', 'https://www.trendmicro.com/en_my/research.html', 'https://epc.eu/', 'https://ecipe.org/', 'https://edps.europa.eu/_en', 'https://www.rcainc.com/published-articles/medical-device-cybersecurity/', 'https://scs.georgetown.edu/news-and-events/event/9303/cybersecurity-risk-management-webinar-2023-10-30', 'https://www.who.int/countries/bel', 'https://digital-strategy.ec.europa.eu/en/policies/eu-observatory-online-platform-economy', 'https://www.politico.eu/', 'https://www.state.gov/subjects/cyber-security/']","(['https://www.state.gov/subjects/cyber-security/'], ['.be'])",,30/10/2023,
Turkey,"['https://www.csis.org/topics/cybersecurity', 'https://www.csis.org/topics/cybersecurity?page=3', 'https://www.newspressnow.com/turkey-faces-competing-pressures-from-russia-and-the-west-to-end-its-middleman-strategy-and/article_2f50f17e-74e7-11ee-9cd4-e36f8cc58540.html', 'https://www.sans.org/blog/what-is-cyber-security-protecting-our-digital-tomorrow', 'https://darktrace.com/news/starlink-becomes-distributor-for-darktrace-in-middle-east-and-turkey', 'https://www.brookings.edu/centers/strobe-talbott-center-for-security-strategy-and-technology/', 'https://www.euractiv.com/topics/turkey/', 'https://www.ankasam.org/cyber-attack-on-finland-and-regional-security/?lang=en', 'https://www.bloomberg.com/news/articles/2023-10-27/turkey-eases-bank-bond-burden-in-boldest-normalization-bid-yet', 'https://www.cfr.org/expert/adam-segal', 'https://www.atlanticcouncil.org/programs/scowcroft-center-for-strategy-and-security/', 'https://www.trendmicro.com/en_my/research.html', 'https://www.cfr.org/', 'https://www.janes.com/defence-news', 'https://scs.georgetown.edu/news-and-events/event/9303/cybersecurity-risk-management-webinar-2023-10-30', 'https://www.igi-global.com/book-series/advances-digital-crime-forensics-cyber/73676', 'https://www.state.gov/subjects/cyber-security/', 'https://www.vodafone.com/about-vodafone/how-we-operate/our-strategy', 'https://www.aspi.org.au/', 'https://www.vodafone.com/news/for-journalists']","(['https://www.cfr.org/', 'https://www.sans.org/blog/what-is-cyber-security-protecting-our-digital-tomorrow', 'https://www.aspi.org.au/', 'https://www.csis.org/topics/cybersecurity?page=3', 'https://www.cfr.org/expert/adam-segal', 'https://www.trendmicro.com/en_my/research.html', 'https://www.state.gov/subjects/cyber-security/', 'https://www.csis.org/topics/cybersecurity', 'https://www.ankasam.org/cyber-attack-on-finland-and-regional-security/?lang=en', 'https://www.atlanticcouncil.org/programs/scowcroft-center-for-strategy-and-security/'], ['.tr'])",,30/10/2023,
Finland,"['https://www.ankasam.org/cyber-attack-on-finland-and-regional-security/?lang=en', 'https://um.fi/foreign-policy-and-security-policy', 'https://www.igi-global.com/viewtitle.aspx?TitleId=332289&isxn=9781668488461', 'https://um.fi/development-policy-and-development-cooperation', 'https://www.prnewswire.com/da/pressemeddelelser/csis-security-group-as-and-cybercrowd-limited-have-signed-a-strategic-partnership-focused-on-combating-cybercrime-in-the-uk-301964698.html', 'https://www.weforum.org/agenda/finland/', 'https://id-north.com/gartner/', 'https://www.capgemini.com/fi-en/news/', 'https://www.ship-technology.com/news/finland-imo-decarbonisation-project-developing-countries/', 'https://intermin.fi/en/frontpage', 'https://www.brookings.edu/centers/strobe-talbott-center-for-security-strategy-and-technology/', 'https://www.rcainc.com/published-articles/medical-device-cybersecurity/', 'https://www.trendmicro.com/en_my/research.html', 'https://scs.georgetown.edu/news-and-events/event/9303/cybersecurity-risk-management-webinar-2023-10-30', 'https://www.globalgovernmentforum.com/digital-data-technology/data/', 'https://konbriefing.com/en-topics/cyber-attacks.html', 'https://www.nti.org/news/', 'https://www.tietoevry.com/', 'https://fi.linkedin.com/company/tietoevry', 'https://commission.europa.eu/strategy-and-policy/priorities-2019-2024/promoting-our-european-way-life_en']","(['https://um.fi/foreign-policy-and-security-policy', 'https://www.ankasam.org/cyber-attack-on-finland-and-regional-security/?lang=en', 'https://www.weforum.org/agenda/finland/', 'https://commission.europa.eu/strategy-and-policy/priorities-2019-2024/promoting-our-european-way-life_en', 'https://intermin.fi/en/frontpage', 'https://www.nti.org/news/', 'https://um.fi/development-policy-and-development-cooperation'], ['.fi'])",,30/10/2023,
Greece,"['https://www.igi-global.com/viewtitle.aspx?TitleId=332289&isxn=9781668488461', 'https://press.un.org/en/2023/gadis3725.doc.htm', 'https://www.sans.org/blog/what-is-cyber-security-protecting-our-digital-tomorrow', 'https://www.lexisnexis.co.uk/legal/guidance/protection-of-critical-infrastructure-cyber-security-in-the-eu-energy-sector', 'https://fipra.com/update/nato-and-a-360-approach-to-cyber-security/', 'https://kpmg.com/gr/en/home/media/press-releases.html', 'https://www.nasdaq.com/articles/the-cybersecurity-landscape%3A-what-should-the-board-know-about-disclosures-and-requirements', 'https://www.brookings.edu/centers/strobe-talbott-center-for-security-strategy-and-technology/', 'https://www.euractiv.com/section/politics/news/bulgaria-tops-global-rule-of-law-progress-greece-hits-bottom/', 'https://www.atlanticcouncil.org/content-series/the-5x5/the-5x5-the-cybersecurity-implications-of-artificial-intelligence/', 'https://www.icao.int/Meetings/SecurityWeek2023/Pages/default.aspx', 'https://www.kyndryl.com/in/en/about-us/news/2023/10/assessing-cybersecurity-operations', 'https://www.cfr.org/expert/adam-segal', 'https://www.atlanticcouncil.org/programs/scowcroft-center-for-strategy-and-security/', 'https://joint-research-centre.ec.europa.eu/jrc-news-and-updates_en', 'https://abcnews.go.com/alerts/cyberattacks', 'https://scs.georgetown.edu/news-and-events/event/9303/cybersecurity-risk-management-webinar-2023-10-30', 'https://www.axonius.com/blog', 'https://www.industrialcybersecuritypulse.com/', 'https://www.nti.org/news/']","(['https://www.euractiv.com/section/politics/news/bulgaria-tops-global-rule-of-law-progress-greece-hits-bottom/', 'https://joint-research-centre.ec.europa.eu/jrc-news-and-updates_en'], ['.gr'])",,30/10/2023,
Iceland,"['https://www.weforum.org/agenda/iceland/', 'https://www.fierceelectronics.com/electronics/iceland-president-touts-nations-role-green-data-center-spot', 'https://www.sans.org/blog/what-is-cyber-security-protecting-our-digital-tomorrow', 'https://www.telos.com/blog/2023/10/27/cybersecurity-news-in-review/', 'https://www.csis.org/analysis/new-vision-deal-familiar-threats-northern-europe', 'https://www.nasdaq.com/articles/the-cybersecurity-landscape%3A-what-should-the-board-know-about-disclosures-and-requirements', 'https://kpmg.com/ca/en/home/media/press-releases/2023/10/generative-ai-could-help-and-hinder-cybersecurity.html', 'https://www.forvis.com/services/consulting/it-risk-compliance', 'https://federalnewsnetwork.com/business-news/2023/10/women-in-iceland-including-the-prime-minister-go-on-strike-for-equal-pay-and-an-end-to-violence/', 'https://arcticwolf.com/resources/category/blog/', 'https://www.icao.int/Meetings/SecurityWeek2023/Pages/default.aspx', 'https://www.who.int/europe/news-room/events/item/2023/11/09/default-calendar/third-meeting-of-the-technical-advisory-group-(tag)-on-the-development-of-the-strategy-and-action-plan-on-health-emergency-preparedness--response--and-resilience-(preparedness-2.0)-in-the-who-european-region', 'https://www.industrialcybersecuritypulse.com/', 'https://scs.georgetown.edu/news-and-events/event/9303/cybersecurity-risk-management-webinar-2023-10-30', 'https://darktrace.com/news/leading-university-bolsters-cyber-security-with-darktrace-ai', 'https://www.nti.org/news/', 'https://www.rsa.com/multi-factor-authentication/prepare-for-the-nhs-multi-factor-authentication-policy/', 'https://www.itbriefcase.net/how-you-can-implement-a-cybersecurity', 'https://au.usembassy.gov/united-states-australia-joint-leaders-statement-building-an-innovation-alliance/', 'https://konbriefing.com/en-topics/cyber-attacks.html']","(['https://www.csis.org/analysis/new-vision-deal-familiar-threats-northern-europe', 'https://www.nti.org/news/', 'https://au.usembassy.gov/united-states-australia-joint-leaders-statement-building-an-innovation-alliance/', 'https://www.weforum.org/agenda/iceland/', 'https://www.sans.org/blog/what-is-cyber-security-protecting-our-digital-tomorrow'], ['.is'])",,30/10/2023,
Italy,"['https://www.usnews.com/news/technology/articles/2023-10-25/italy-europe-need-state-controlled-cloud-services-leonardo-chief', 'https://www.polimi.it/en/spotlight/news-details/home/cybersecurity-politecnicos-project-selected-by-google', 'https://www.kroll.com/en/insights/publications/cyber/2023-sec-cybersecurity-rules', 'https://www.defensenews.com/global/europe/2023/10/26/bytes-bullets-and-broader-horizons-new-leonardo-boss-teases-strategy/', 'https://press.un.org/en/2023/gadis3725.doc.htm', 'https://www.enisa.europa.eu/news/germany-wins-the-2023-european-cybersecurity-challenge', 'https://www.cfr.org/defense-and-security/cybersecurity', 'https://www.ft.com/content/1a63a523-c963-471e-b13e-60655c89170f', 'https://www.bloomberg.com/news/articles/2023-10-26/lagarde-grants-italy-some-breathing-room-with-ecb-policy-pause', 'https://www.weforum.org/agenda/italy/', 'https://www3.weforum.org/docs/WEF_Response_to_the_White_House%E2%80%99s_Request_on_Harmonizing_Cybersecurity_Regulations_2023.pdf', 'https://home.treasury.gov/policy-issues/international/g-7-and-g-20/g7-cyber-expert-group', 'https://www.brookings.edu/centers/strobe-talbott-center-for-security-strategy-and-technology/', 'https://www.leonardo.com/en/suppliers/supplier-portal/cyber-security', 'https://www.ispionline.it/en', 'https://www.leonardo.com/en/home', 'https://www.atlanticcouncil.org/programs/scowcroft-center-for-strategy-and-security/', 'https://www.allianz.com/en/press/news.html', 'https://www.allianz.com/en/press.html', 'https://www.thalesgroup.com/en']","(['https://www.ispionline.it/en', 'https://www3.weforum.org/docs/WEF_Response_to_the_White_House%E2%80%99s_Request_on_Harmonizing_Cybersecurity_Regulations_2023.pdf', 'https://press.un.org/en/2023/gadis3725.doc.htm', 'https://www.atlanticcouncil.org/programs/scowcroft-center-for-strategy-and-security/', 'https://www.cfr.org/defense-and-security/cybersecurity', 'https://home.treasury.gov/policy-issues/international/g-7-and-g-20/g7-cyber-expert-group', 'https://www.weforum.org/agenda/italy/', 'https://www.polimi.it/en/spotlight/news-details/home/cybersecurity-politecnicos-project-selected-by-google', 'https://www.enisa.europa.eu/news/germany-wins-the-2023-european-cybersecurity-challenge'], ['.it'])",,30/10/2023,
Portugal,"['https://finance.yahoo.com/news/logistics-provider-alpi-portugal-selects-115800498.html', 'https://www.prnewswire.com/da/pressemeddelelser/csis-security-group-as-and-cybercrowd-limited-have-signed-a-strategic-partnership-focused-on-combating-cybercrime-in-the-uk-301964698.html', 'https://www.aha.org/news/headline/2023-10-25-aha-blog-why-biden-harris-administrations-new-national-cybersecurity-strategy-important-step-forward', 'https://www.weforum.org/agenda/portugal/', 'https://www3.weforum.org/docs/WEF_Response_to_the_White_House%E2%80%99s_Request_on_Harmonizing_Cybersecurity_Regulations_2023.pdf', 'https://www.euractiv.com/content_providers/lusa-pt/', 'https://www.kyndryl.com/in/en/about-us/news/2023/10/assessing-cybersecurity-operations', 'https://www.fujitsu.com/global/about/resources/news/press-releases/2023/1030-01.html', 'https://www.who.int/europe/news-room/events/item/2023/11/09/default-calendar/third-meeting-of-the-technical-advisory-group-(tag)-on-the-development-of-the-strategy-and-action-plan-on-health-emergency-preparedness--response--and-resilience-(preparedness-2.0)-in-the-who-european-region', 'https://www.ey.com/en_gl/ceo/ceo-outlook-global-report', 'https://scs.georgetown.edu/news-and-events/event/9303/cybersecurity-risk-management-webinar-2023-10-30', 'https://www.vodafone.com/news/technology-news/vodafone-and-sunrise-announce-partnership-agreement', 'https://www.vodafone.com/about-vodafone/how-we-operate/our-strategy', 'https://www.nti.org/news/', 'https://www.healthycommunities.org/news', 'https://www.state.gov/subjects/cyber-security/', 'https://www.igi-global.com/book-series/advances-digital-crime-forensics-cyber/73676', 'https://www.eda.admin.ch/eda/en/fdfa/fdfa/aktuell/newsuebersicht.html', 'https://kpmg.com/us/en/home/insights.html', 'https://atos.net/en']","(['https://www3.weforum.org/docs/WEF_Response_to_the_White_House%E2%80%99s_Request_on_Harmonizing_Cybersecurity_Regulations_2023.pdf', 'https://www.healthycommunities.org/news', 'https://www.state.gov/subjects/cyber-security/', 'https://www.nti.org/news/', 'https://www.euractiv.com/content_providers/lusa-pt/', 'https://www.weforum.org/agenda/portugal/', 'https://www.aha.org/news/headline/2023-10-25-aha-blog-why-biden-harris-administrations-new-national-cybersecurity-strategy-important-step-forward'], ['.pt'])",,30/10/2023,
Denmark,"['https://www.enisa.europa.eu/news/germany-wins-the-2023-european-cybersecurity-challenge', 'https://www.igi-global.com/viewtitle.aspx?TitleId=332289&isxn=9781668488461', 'https://www.enisa.europa.eu/', 'https://www.weforum.org/agenda/denmark/', 'https://fipra.com/update/nato-and-a-360-approach-to-cyber-security/', 'https://www.sdu.dk/en/service/ledige_stillinger/1215180', 'https://www.vodafone.com/news/technology-news/vodafone-tdc', 'https://www.kyndryl.com/in/en/about-us/news/2023/10/assessing-cybersecurity-operations', 'https://www.ltimindtree.com/news-event/ltimindtree-recognized-as-a-great-place-to-work-in-denmark/', 'https://www.computerweekly.com/resources/Nordics', 'https://www.who.int/europe/news-room/events/item/2023/11/09/default-calendar/third-meeting-of-the-technical-advisory-group-(tag)-on-the-development-of-the-strategy-and-action-plan-on-health-emergency-preparedness--response--and-resilience-(preparedness-2.0)-in-the-who-european-region', 'https://www.icao.int/Meetings/SecurityWeek2023/Pages/default.aspx', 'https://www.atlanticcouncil.org/programs/scowcroft-center-for-strategy-and-security/', 'https://konbriefing.com/en-topics/cyber-attacks.html', 'https://www.govinfosecurity.com/', 'https://www.ey.com/en_gl/ceo/ceo-outlook-global-report', 'https://scs.georgetown.edu/news-and-events/event/9303/cybersecurity-risk-management-webinar-2023-10-30', 'https://www.who.int/europe/news-room/events/item/2023/10/23/default-calendar/international-conference-commemorating-alma-ata-45-and-astana-5---on-primary-health-care-policy-and-practice--implementing-for-better-results', 'https://www.nti.org/news/', 'https://www.state.gov/subjects/cyber-security/']","(['https://www.enisa.europa.eu/', 'https://www.atlanticcouncil.org/programs/scowcroft-center-for-strategy-and-security/', 'https://www.state.gov/subjects/cyber-security/', 'https://www.nti.org/news/', 'https://www.govinfosecurity.com/', 'https://www.enisa.europa.eu/news/germany-wins-the-2023-european-cybersecurity-challenge', 'https://www.weforum.org/agenda/denmark/', 'https://www.sdu.dk/en/service/ledige_stillinger/1215180'], ['.dk'])",,30/10/2023,
Mexico,"['https://newsroom.accenture.com/news/accenture-expands-cybersecurity-services-capabilities-in-latin-america-with-acquisition-of-mnemo-mexico.htm', 'https://mexicobusiness.news/tag/cybersecurity', 'https://press.un.org/en/2023/gadis3725.doc.htm', 'https://www.csis.org/topics/cybersecurity', 'https://www.redclara.net/index.php/en/events/2576-october-31-16-00-gmt-strategies-for-the-protection-of-critical-information-infrastructures-webinar', 'https://in.investing.com/news/accenture-acquires-cybersecurity-firm-mnemo-mexico-93CH-3862995', 'https://www.csis.org/topics/cybersecurity?page=3', 'https://www.kroll.com/en/insights/publications/cyber/2023-sec-cybersecurity-rules', 'https://sumitomoelectric.com/press/2023/10/prs058', 'https://www.brookings.edu/centers/strobe-talbott-center-for-security-strategy-and-technology/', 'https://www.who.int/publications/m/item/environmental-health-mex-2023-country-profile', 'https://www.atlanticcouncil.org/programs/scowcroft-center-for-strategy-and-security/', 'https://www.brookings.edu/programs/foreign-policy/', 'https://www.cfr.org/', 'https://www.commerce.gov/news/blog', 'https://www.commerce.gov/news', 'https://www.wsj.com/video/series/tech-news-briefing/europe-pushes-cybersecurity-rules-for-aviation-industry/C0421827-0A08-40F8-9118-4756303A2C2F?mod=WSJvidctr__pos5', 'https://cybersecurity.att.com/solutions/iot-and-mobility-security', 'https://www.frost.com/media/press-releases/', 'https://cyware.com/news/accenture-expands-cybersecurity-services-capabilities-in-latin-america-with-acquisition-of-mnemo-mexico-efed68d4']","(['https://www.commerce.gov/news', 'https://www.csis.org/topics/cybersecurity?page=3', 'https://press.un.org/en/2023/gadis3725.doc.htm', 'https://www.atlanticcouncil.org/programs/scowcroft-center-for-strategy-and-security/', 'https://www.csis.org/topics/cybersecurity', 'https://www.commerce.gov/news/blog', 'https://www.cfr.org/'], ['.mx'])",,30/10/2023,
New Zealand,"['https://www.hinz.org.nz/news/655925/State-of-identity-security-in-healthcare-emphasising-cybersecurity-amid-the-digital-shift-in-NZ.htm', 'https://nztech.org.nz/2023/10/30/cyber-smart-week-is-here/', 'https://www.itnews.com.au/news/zespri-sees-fruitful-combination-of-ai-and-xdr-601149', 'https://www.csis.org/topics/cybersecurity', 'https://press.un.org/en/2023/gadis3725.doc.htm', 'https://www.csoonline.com/article/656781/microsoft-leads-the-build-of-australias-cyber-shields.html', 'https://www.theguardian.com/australia-news/2023/oct/24/microsoft-to-invest-5bn-in-australian-cybersecurity-over-next-two-years', 'https://www.computerweekly.com/resources/Australia-New-Zealand', 'https://www.cybersecurityconnect.com.au/government/9754-australia-hosts-joint-cyber-warfare-training-operations-with-the-us', 'https://www.weforum.org/agenda/new-zealand/', 'https://www.politico.com/newsletters/weekly-cybersecurity', 'https://www.kyndryl.com/in/en/about-us/news/2023/10/assessing-cybersecurity-operations', 'https://www.brookings.edu/centers/strobe-talbott-center-for-security-strategy-and-technology/', 'https://www.aspi.org.au/', 'https://www.cna.org/our-media/newsletters/intersections', 'https://www.vodafone.com/news/technology-news/vodafone-group-announces-sale-of-vodafone-new-zealand-and-new-partner-market-agreement', 'https://konbriefing.com/en-topics/cyber-attacks.html', 'https://nz.linkedin.com/company/zx-security', 'https://www.hciwellington.gov.in/page/india-new-zealand-relation/', 'https://www.janes.com/defence-news']","(['https://press.un.org/en/2023/gadis3725.doc.htm', 'https://www.aspi.org.au/', 'https://www.cna.org/our-media/newsletters/intersections', 'https://www.weforum.org/agenda/new-zealand/', 'https://www.csis.org/topics/cybersecurity', 'https://www.hciwellington.gov.in/page/india-new-zealand-relation/', 'https://nztech.org.nz/2023/10/30/cyber-smart-week-is-here/', 'https://www.hinz.org.nz/news/655925/State-of-identity-security-in-healthcare-emphasising-cybersecurity-amid-the-digital-shift-in-NZ.htm'], ['.nz'])",,30/10/2023,
Sweden,"['https://www.enisa.europa.eu/', 'https://www.politico.eu/article/sweden-nato-membership-jens-stoltenberg/', 'https://www.weforum.org/agenda/sweden/', 'https://www.capgemini.com/se-en/news/', 'https://www.ankasam.org/cyber-attack-on-finland-and-regional-security/?lang=en', 'https://fipra.com/update/nato-and-a-360-approach-to-cyber-security/', 'https://www.computerweekly.com/resources/Nordics', 'https://www.icao.int/Meetings/SecurityWeek2023/Pages/default.aspx', 'https://www.kyndryl.com/in/en/about-us/news/2023/10/assessing-cybersecurity-operations', 'https://um.fi/foreign-policy-and-security-policy', 'https://ideon.se/news/category/ideonscienceparknews/', 'https://www.trendmicro.com/en_my/research.html', 'https://isdp.eu/', 'https://www.rsa.com/', 'https://www.vinnova.se/en/', 'https://www.euractiv.com/section/defence-and-security/news/turkish-parliament-to-ratify-sweden-nato-bid-hungary-veto-remains/', 'https://www.janes.com/defence-news', 'https://scs.georgetown.edu/news-and-events/event/9303/cybersecurity-risk-management-webinar-2023-10-30', 'https://www.who.int/countries/swe', 'https://www.vodafone.com/news/technology-news/vodafone-tele2']","(['https://www.politico.eu/article/sweden-nato-membership-jens-stoltenberg/', 'https://www.enisa.europa.eu/', 'https://www.vinnova.se/en/', 'https://ideon.se/news/category/ideonscienceparknews/', 'https://www.weforum.org/agenda/sweden/', 'https://www.euractiv.com/section/defence-and-security/news/turkish-parliament-to-ratify-sweden-nato-bid-hungary-veto-remains/', 'https://isdp.eu/', 'https://www.ankasam.org/cyber-attack-on-finland-and-regional-security/?lang=en'], ['.se'])",,30/10/2023,
Austria,"['https://www.igi-global.com/viewtitle.aspx?TitleId=332289&isxn=9781668488461', 'https://tech.eu/2023/10/25/austrias-competitive-edge-in-ai-high-living-standards-and-rich-talent-pool/', 'https://data.europa.eu/it/publications/country-insights/austria', 'https://fipra.com/update/nato-and-a-360-approach-to-cyber-security/', 'https://www.weforum.org/agenda/austria/', 'https://www3.weforum.org/docs/WEF_Response_to_the_White_House%E2%80%99s_Request_on_Harmonizing_Cybersecurity_Regulations_2023.pdf', 'https://www.euractiv.com/section/politics/news/bulgarian-pm-positive-engagement-with-austria-for-schengen-works/', 'https://kpmg.com/ca/en/home/media/press-releases/2023/10/generative-ai-could-help-and-hinder-cybersecurity.html', 'https://at.usembassy.gov/news/', 'https://www.bmeia.gv.at/en/the-ministry/press/speeches', 'https://www.forvis.com/services/consulting/it-risk-compliance', 'https://www.who.int/europe/news-room/events/item/2023/11/09/default-calendar/third-meeting-of-the-technical-advisory-group-(tag)-on-the-development-of-the-strategy-and-action-plan-on-health-emergency-preparedness--response--and-resilience-(preparedness-2.0)-in-the-who-european-region', 'https://www.rcainc.com/published-articles/medical-device-cybersecurity/', 'https://www.fujitsu.com/global/about/resources/news/press-releases/2023/1030-01.html', 'https://www.whitecase.com/insight-our-thinking/tech-newsflash', 'https://konbriefing.com/en-topics/cyber-attacks.html', 'https://www.politico.eu/country/austria/page/80/', 'https://scs.georgetown.edu/news-and-events/event/9303/cybersecurity-risk-management-webinar-2023-10-30', 'https://www.ey.com/en_gl/ceo/ceo-outlook-global-report', 'https://www.nti.org/news/']","(['https://www.bmeia.gv.at/en/the-ministry/press/speeches', 'https://at.usembassy.gov/news/', 'https://www.weforum.org/agenda/austria/', 'https://www3.weforum.org/docs/WEF_Response_to_the_White_House%E2%80%99s_Request_on_Harmonizing_Cybersecurity_Regulations_2023.pdf', 'https://www.nti.org/news/'], ['.gv.at'])",,30/10/2023,
Slovakia,"['https://www.igi-global.com/viewtitle.aspx?TitleId=332289&isxn=9781668488461', 'https://www.euractiv.com/section/elections/news/slovakias-fico-to-take-government-reins-in-time-for-eu-summit/', 'https://www.sans.org/blog/what-is-cyber-security-protecting-our-digital-tomorrow', 'https://www.lexisnexis.co.uk/legal/guidance/protection-of-critical-infrastructure-cyber-security-in-the-eu-energy-sector', 'https://www.weforum.org/agenda/slovak-republic/', 'https://www.cfr.org/event/countering-ransomware-threat', 'https://fipra.com/update/nato-and-a-360-approach-to-cyber-security/', 'https://federalnewsnetwork.com/world-news/2023/10/slovakia-swears-in-a-new-cabinet-led-by-a-populist-ex-premier-who-opposes-support-for-ukraine/?readmore=1', 'https://www.politico.eu/country/slovakia/', 'https://www.nasdaq.com/articles/the-cybersecurity-landscape%3A-what-should-the-board-know-about-disclosures-and-requirements', 'https://www.forvis.com/services/consulting/it-risk-compliance', 'https://kpmg.com/sk/en/home/insights.html', 'https://www.icao.int/Meetings/SecurityWeek2023/Pages/default.aspx', 'https://www.who.int/europe/news-room/events/item/2023/11/09/default-calendar/third-meeting-of-the-technical-advisory-group-(tag)-on-the-development-of-the-strategy-and-action-plan-on-health-emergency-preparedness--response--and-resilience-(preparedness-2.0)-in-the-who-european-region', 'https://scs.georgetown.edu/news-and-events/event/9303/cybersecurity-risk-management-webinar-2023-10-30', 'https://arcticwolf.com/resources/category/blog/', 'https://www.state.gov/subjects/cyber-security/', 'https://epc.eu/', 'https://konbriefing.com/en-topics/cyber-attacks.html', 'https://www.eset.com/int/about/newsroom/']","(['https://www.weforum.org/agenda/slovak-republic/', 'https://www.cfr.org/event/countering-ransomware-threat', 'https://www.state.gov/subjects/cyber-security/', 'https://www.euractiv.com/section/elections/news/slovakias-fico-to-take-government-reins-in-time-for-eu-summit/', 'https://epc.eu/', 'https://www.sans.org/blog/what-is-cyber-security-protecting-our-digital-tomorrow', 'https://www.politico.eu/country/slovakia/'], ['.sk'])",,30/10/2023,
Slovakia,"['https://www.igi-global.com/viewtitle.aspx?TitleId=332289&isxn=9781668488461', 'https://www.euractiv.com/section/elections/news/slovakias-fico-to-take-government-reins-in-time-for-eu-summit/', 'https://www.sans.org/blog/what-is-cyber-security-protecting-our-digital-tomorrow', 'https://www.lexisnexis.co.uk/legal/guidance/protection-of-critical-infrastructure-cyber-security-in-the-eu-energy-sector', 'https://www.weforum.org/agenda/slovak-republic/', 'https://www.cfr.org/event/countering-ransomware-threat', 'https://fipra.com/update/nato-and-a-360-approach-to-cyber-security/', 'https://federalnewsnetwork.com/world-news/2023/10/slovakia-swears-in-a-new-cabinet-led-by-a-populist-ex-premier-who-opposes-support-for-ukraine/?readmore=1', 'https://www.politico.eu/country/slovakia/', 'https://www.nasdaq.com/articles/the-cybersecurity-landscape%3A-what-should-the-board-know-about-disclosures-and-requirements', 'https://www.forvis.com/services/consulting/it-risk-compliance', 'https://kpmg.com/sk/en/home/insights.html', 'https://www.icao.int/Meetings/SecurityWeek2023/Pages/default.aspx', 'https://www.who.int/europe/news-room/events/item/2023/11/09/default-calendar/third-meeting-of-the-technical-advisory-group-(tag)-on-the-development-of-the-strategy-and-action-plan-on-health-emergency-preparedness--response--and-resilience-(preparedness-2.0)-in-the-who-european-region', 'https://scs.georgetown.edu/news-and-events/event/9303/cybersecurity-risk-management-webinar-2023-10-30', 'https://arcticwolf.com/resources/category/blog/', 'https://www.state.gov/subjects/cyber-security/', 'https://epc.eu/', 'https://konbriefing.com/en-topics/cyber-attacks.html', 'https://www.eset.com/int/about/newsroom/']","(['https://www.state.gov/subjects/cyber-security/', 'https://www.cfr.org/event/countering-ransomware-threat', 'https://www.euractiv.com/section/elections/news/slovakias-fico-to-take-government-reins-in-time-for-eu-summit/', 'https://epc.eu/', 'https://www.weforum.org/agenda/slovak-republic/', 'https://www.politico.eu/country/slovakia/', 'https://www.sans.org/blog/what-is-cyber-security-protecting-our-digital-tomorrow'], ['.sk'])",,30/10/2023,
Greece,"['https://www.igi-global.com/viewtitle.aspx?TitleId=332289&isxn=9781668488461', 'https://press.un.org/en/2023/gadis3725.doc.htm', 'https://www.sans.org/blog/what-is-cyber-security-protecting-our-digital-tomorrow', 'https://www.lexisnexis.co.uk/legal/guidance/protection-of-critical-infrastructure-cyber-security-in-the-eu-energy-sector', 'https://fipra.com/update/nato-and-a-360-approach-to-cyber-security/', 'https://kpmg.com/gr/en/home/media/press-releases.html', 'https://www.nasdaq.com/articles/the-cybersecurity-landscape%3A-what-should-the-board-know-about-disclosures-and-requirements', 'https://www.brookings.edu/centers/strobe-talbott-center-for-security-strategy-and-technology/', 'https://www.euractiv.com/section/politics/news/bulgaria-tops-global-rule-of-law-progress-greece-hits-bottom/', 'https://www.atlanticcouncil.org/content-series/the-5x5/the-5x5-the-cybersecurity-implications-of-artificial-intelligence/', 'https://www.icao.int/Meetings/SecurityWeek2023/Pages/default.aspx', 'https://www.kyndryl.com/in/en/about-us/news/2023/10/assessing-cybersecurity-operations', 'https://www.cfr.org/expert/adam-segal', 'https://www.atlanticcouncil.org/programs/scowcroft-center-for-strategy-and-security/', 'https://www.industrialcybersecuritypulse.com/', 'https://www.axonius.com/blog', 'https://scs.georgetown.edu/news-and-events/event/9303/cybersecurity-risk-management-webinar-2023-10-30', 'https://www.ey.com/en_gl/ceo/ceo-outlook-global-report', 'https://www.nti.org/news/', 'https://www.state.gov/subjects/cyber-security/']","(['https://www.state.gov/subjects/cyber-security/', 'https://www.euractiv.com/section/politics/news/bulgaria-tops-global-rule-of-law-progress-greece-hits-bottom/'], ['.gr'])",,30/10/2023,
Ireland,"['https://www.businesspost.ie/commercial-reports/keeping-your-cybersecurity-strategy-protected-to-the-highest-standards/', 'https://www.igi-global.com/viewtitle.aspx?TitleId=332289&isxn=9781668488461', 'https://www.cfr.org/defense-and-security/cybersecurity', 'https://www.kroll.com/en/insights/publications/cyber/2023-sec-cybersecurity-rules', 'https://www.linkedin.com/posts/integrity360_what-is-resilience-in-cyber-security-activity-7120318059482857474-zdCx', 'https://www.publicnow.com/view/244F8566A20F0E865F312E1C58B6219A06916DF3?1698331568', 'https://www.lexisnexis.co.uk/legal/guidance/protection-of-critical-infrastructure-cyber-security-in-the-eu-energy-sector', 'https://www.sans.org/cyber-security-training-events/sec503-ireland-online-october-2023/', 'https://www.businesswire.com/news/home/20231024431585/en/Tikehau-Capital-launches-the-new-vintage-of-Brienne-its-flagship-private-equity-cybersecurity-strategy-with-a-first-close-at-%E2%82%AC200-million-surpassing-the-size-of-its-predecessor', 'https://www.nasdaq.com/articles/the-cybersecurity-landscape%3A-what-should-the-board-know-about-disclosures-and-requirements', 'https://www.ft.com/content/1a63a523-c963-471e-b13e-60655c89170f', 'https://www.trendmicro.com/en_my/research.html', 'https://www.kyndryl.com/in/en/about-us/news/2023/10/assessing-cybersecurity-operations', 'https://newsroom.accenture.com/news/accenture-expands-cybersecurity-services-capabilities-in-latin-america-with-acquisition-of-mnemo-mexico.htm', 'https://darktrace.com/news/leading-university-bolsters-cyber-security-with-darktrace-ai', 'https://www.forvis.com/services/consulting/it-risk-compliance', 'https://www.industrialcybersecuritypulse.com/', 'https://www.icao.int/Meetings/SecurityWeek2023/Pages/default.aspx', 'https://www.vodafone.com/about-vodafone/how-we-operate/our-strategy', 'https://scs.georgetown.edu/news-and-events/event/9303/cybersecurity-risk-management-webinar-2023-10-30']","(['https://www.cfr.org/defense-and-security/cybersecurity', 'https://www.sans.org/cyber-security-training-events/sec503-ireland-online-october-2023/', 'https://www.businesspost.ie/commercial-reports/keeping-your-cybersecurity-strategy-protected-to-the-highest-standards/'], ['.ie'])",,30/10/2023,
Czechia,"['https://commission.europa.eu/business-economy-euro/economic-recovery/recovery-and-resilience-facility/country-pages/czechias-recovery-and-resilience-plan_en', 'https://research.njit.edu/cybersecurity/cyber-news', 'https://www.euractiv.com/section/politics/news/minister-no-evidence-of-muslim-radicalisation-in-czechia/', 'https://www.dataguidance.com/news/germany-bsi-launches-new-publication-series-assist', 'https://www.who.int/europe/news-room/events/item/2023/11/09/default-calendar/third-meeting-of-the-technical-advisory-group-(tag)-on-the-development-of-the-strategy-and-action-plan-on-health-emergency-preparedness--response--and-resilience-(preparedness-2.0)-in-the-who-european-region', 'https://www.who.int/europe/news/item/26-10-2023-the-beating-heart-of-our-region--who-european-region-calls-on-member-states-to-develop-preparedness-2.0', 'https://www.govinfosecurity.com/', 'https://darktrace.com/news/leading-university-bolsters-cyber-security-with-darktrace-ai', 'https://darktrace.com/news', 'https://konbriefing.com/en-topics/cyber-attacks.html', 'https://www.state.gov/subjects/cyber-security/', 'https://www.eda.admin.ch/eda/en/fdfa/fdfa/aktuell/newsuebersicht.html', 'https://cybersecurityventures.com/ransomware-report/', 'https://www.intel.com/content/www/us/en/newsroom/home.html', 'https://in.linkedin.com/company/check-point-software-technologies', 'https://www.oecd.org/education/publicationsdocuments/reports/', 'https://thecyberexpress.com/cyber-security-events/world-cybercon-india-edition-2023/', 'https://business.fiu.edu/academics/departments/isba/atom-cybersecurity-strategy-challenge/donate/', 'https://www.hitachienergy.com/in/en/careers/open-jobs/details/JID3-52518', 'https://www.databreachtoday.in/']","(['https://darktrace.com/news/leading-university-bolsters-cyber-security-with-darktrace-ai', 'https://www.euractiv.com/section/politics/news/minister-no-evidence-of-muslim-radicalisation-in-czechia/', 'https://www.govinfosecurity.com/', 'https://research.njit.edu/cybersecurity/cyber-news', 'https://www.oecd.org/education/publicationsdocuments/reports/', 'https://www.eda.admin.ch/eda/en/fdfa/fdfa/aktuell/newsuebersicht.html', 'https://commission.europa.eu/business-economy-euro/economic-recovery/recovery-and-resilience-facility/country-pages/czechias-recovery-and-resilience-plan_en', 'https://cybersecurityventures.com/ransomware-report/', 'https://konbriefing.com/en-topics/cyber-attacks.html', 'https://www.dataguidance.com/news/germany-bsi-launches-new-publication-series-assist', 'https://www.intel.com/content/www/us/en/newsroom/home.html', 'https://www.state.gov/subjects/cyber-security/', 'https://www.who.int/europe/news/item/26-10-2023-the-beating-heart-of-our-region--who-european-region-calls-on-member-states-to-develop-preparedness-2.0', 'https://in.linkedin.com/company/check-point-software-technologies', 'https://www.who.int/europe/news-room/events/item/2023/11/09/default-calendar/third-meeting-of-the-technical-advisory-group-(tag)-on-the-development-of-the-strategy-and-action-plan-on-health-emergency-preparedness--response--and-resilience-(preparedness-2.0)-in-the-who-european-region', 'https://www.databreachtoday.in/', 'https://thecyberexpress.com/cyber-security-events/world-cybercon-india-edition-2023/', 'https://www.hitachienergy.com/in/en/careers/open-jobs/details/JID3-52518', 'https://business.fiu.edu/academics/departments/isba/atom-cybersecurity-strategy-challenge/donate/', 'https://darktrace.com/news'], [])",,30/10/2023,
Chile,"['https://press.un.org/en/2023/gadis3725.doc.htm', 'https://www.dataguidance.com/notes/chile-data-protection-overview', 'https://www.weforum.org/agenda/chile/', 'https://www.redclara.net/index.php/en/events/2576-october-31-16-00-gmt-strategies-for-the-protection-of-critical-information-infrastructures-webinar', 'https://www.futurelearn.com/info/courses/exploring-the-world-of-electric-mobility-key-concepts-and-strategies/0/steps/378792', 'https://www.sans.org/blog/what-is-cyber-security-protecting-our-digital-tomorrow', 'https://www.leonardo.com/en/global/cile', 'https://www.bloomberg.com/news/articles/2023-10-24/chile-pension-fund-regulator-blocks-quick-profit-trading-strategy', 'https://fipra.com/update/nato-and-a-360-approach-to-cyber-security/', 'https://www.kyndryl.com/in/en/about-us/news/2023/10/assessing-cybersecurity-operations', 'https://www.forvis.com/services/consulting/it-risk-compliance', 'https://www.lexisnexis.co.uk/legal/guidance/protection-of-critical-infrastructure-cyber-security-in-the-eu-energy-sector', 'https://scs.georgetown.edu/news-and-events/event/9303/cybersecurity-risk-management-webinar-2023-10-30', 'https://koreapro.org/2023/10/south-koreas-entry-in-global-digital-economy-pact-signals-ambitious-goals/', 'https://www.nti.org/news/', 'https://arcticwolf.com/resources/category/blog/', 'https://www.ey.com/en_gl/ceo/ceo-outlook-global-report', 'https://konbriefing.com/en-topics/cyber-attacks.html', 'https://www.pace.edu/lubin/life-lubin/centers/center-global-business-programs/student-experiences/argentina-and-chile', 'https://www.state.gov/subjects/cyber-security/']","(['https://press.un.org/en/2023/gadis3725.doc.htm', 'https://koreapro.org/2023/10/south-koreas-entry-in-global-digital-economy-pact-signals-ambitious-goals/', 'https://www.nti.org/news/', 'https://www.state.gov/subjects/cyber-security/', 'https://www.weforum.org/agenda/chile/', 'https://www.sans.org/blog/what-is-cyber-security-protecting-our-digital-tomorrow'], ['.itu', '.gob.cl'])",,30/10/2023,
Estonia,"['https://www.igi-global.com/viewtitle.aspx?TitleId=332289&isxn=9781668488461', 'https://press.un.org/en/2023/gadis3725.doc.htm', 'https://www.igi-global.com/viewtitle.aspx?TitleId=332288&isxn=9781668488461', 'https://www.ankasam.org/cyber-attack-on-finland-and-regional-security/?lang=en', 'https://www.cfr.org/defense-and-security/cybersecurity', 'https://www.lexisnexis.co.uk/legal/guidance/protection-of-critical-infrastructure-cyber-security-in-the-eu-energy-sector', 'https://www.sans.org/blog/what-is-cyber-security-protecting-our-digital-tomorrow', 'https://www.euractiv.com/section/defence-and-security/news/estonia-seeks-chinas-help-over-severed-baltic-sea-telecom-cables/', 'https://www.weforum.org/agenda/estonia/', 'https://www.picussecurity.com/resource/ukrtelecom', 'https://www.nasdaq.com/articles/the-cybersecurity-landscape%3A-what-should-the-board-know-about-disclosures-and-requirements', 'https://www.brookings.edu/centers/strobe-talbott-center-for-security-strategy-and-technology/', 'https://www.who.int/europe/news-room/events/item/2023/11/09/default-calendar/third-meeting-of-the-technical-advisory-group-(tag)-on-the-development-of-the-strategy-and-action-plan-on-health-emergency-preparedness--response--and-resilience-(preparedness-2.0)-in-the-who-european-region', 'https://ee.usembassy.gov/category/political-affairs/', 'https://ee.usembassy.gov/category/us-and-ee/', 'https://www.icao.int/Meetings/SecurityWeek2023/Pages/default.aspx', 'https://konbriefing.com/en-topics/cyber-attacks.html', 'https://scs.georgetown.edu/news-and-events/event/9303/cybersecurity-risk-management-webinar-2023-10-30', 'https://arcticwolf.com/resources/category/blog/', 'https://www.janes.com/defence-news']","(['https://ee.usembassy.gov/category/us-and-ee/', 'https://press.un.org/en/2023/gadis3725.doc.htm', 'https://www.weforum.org/agenda/estonia/', 'https://www.ankasam.org/cyber-attack-on-finland-and-regional-security/?lang=en', 'https://ee.usembassy.gov/category/political-affairs/', 'https://www.sans.org/blog/what-is-cyber-security-protecting-our-digital-tomorrow', 'https://www.cfr.org/defense-and-security/cybersecurity', 'https://www.euractiv.com/section/defence-and-security/news/estonia-seeks-chinas-help-over-severed-baltic-sea-telecom-cables/'], ['.ee'])",,30/10/2023,
Hungary,"['https://www.igi-global.com/viewtitle.aspx?TitleId=332289&isxn=9781668488461', 'https://www.dataguidance.com/news/international-hungary-ratifies-convention-108', 'https://www.euractiv.com/topics/hungary/', 'https://www.picussecurity.com/resource/ukrtelecom', 'https://www.euractiv.com/section/migration/news/double-game-migrants-pour-through-orbans-hungary/', 'https://www.lexisnexis.co.uk/legal/guidance/protection-of-critical-infrastructure-cyber-security-in-the-eu-energy-sector', 'https://bezbednost.org/en/publication/balkan-csardas-hungarian-foreign-policy-dance/', 'https://fipra.com/update/nato-and-a-360-approach-to-cyber-security/', 'https://www.nasdaq.com/articles/the-cybersecurity-landscape%3A-what-should-the-board-know-about-disclosures-and-requirements', 'https://www.atlanticcouncil.org/content-series/the-5x5/the-5x5-the-cybersecurity-implications-of-artificial-intelligence/', 'https://www.politico.eu/article/gitanas-nauseda-viktor-orban-vladimir-putin-ukraine-war-lithuania-hungary-russia/', 'https://www.forvis.com/services/consulting/it-risk-compliance', 'https://www.who.int/europe/news-room/events/item/2023/11/09/default-calendar/third-meeting-of-the-technical-advisory-group-(tag)-on-the-development-of-the-strategy-and-action-plan-on-health-emergency-preparedness--response--and-resilience-(preparedness-2.0)-in-the-who-european-region', 'https://scs.georgetown.edu/news-and-events/event/9303/cybersecurity-risk-management-webinar-2023-10-30', 'https://www.atlanticcouncil.org/programs/scowcroft-center-for-strategy-and-security/', 'https://www.icao.int/Meetings/SecurityWeek2023/Pages/default.aspx', 'https://www.politico.eu/person/viktor-orban/', 'https://www.consilium.europa.eu/en/policies/eu-long-term-budget/', 'https://www.nti.org/news/', 'https://www.ksh.hu/?lang=en']","(['https://www.consilium.europa.eu/en/policies/eu-long-term-budget/', 'https://www.ksh.hu/?lang=en', 'https://www.atlanticcouncil.org/content-series/the-5x5/the-5x5-the-cybersecurity-implications-of-artificial-intelligence/', 'https://www.atlanticcouncil.org/programs/scowcroft-center-for-strategy-and-security/', 'https://www.euractiv.com/topics/hungary/', 'https://www.euractiv.com/section/migration/news/double-game-migrants-pour-through-orbans-hungary/', 'https://bezbednost.org/en/publication/balkan-csardas-hungarian-foreign-policy-dance/', 'https://www.nti.org/news/', 'https://www.politico.eu/article/gitanas-nauseda-viktor-orban-vladimir-putin-ukraine-war-lithuania-hungary-russia/', 'https://www.politico.eu/person/viktor-orban/'], ['.hu'])",,30/10/2023,
Israel,"['https://www.csis.org/analysis/experts-react-assessing-israeli-intelligence-and-potential-policy-failure', 'https://www.bloomberg.com/news/articles/2023-10-26/israel-taps-blacklisted-pegasus-maker-nso-to-track-gaza-hostages-and-hamas', 'https://www.brookings.edu/articles/bidens-dangerous-stance-on-the-war-in-israel-and-gaza/', 'https://www.bloomberg.com/opinion/articles/2023-10-29/israel-hamas-latest-biden-s-foreign-policy-vision-is-officially-dead', 'https://www.brookings.edu/articles/the-online-information-ecosystem-during-the-israel-gaza-crisis/', 'https://www.cnbc.com/2023/10/23/israel-hamas-war-what-next-if-israel-embarks-on-a-gaza-ground-assault.html', 'https://www.atlanticcouncil.org/blogs/new-atlanticist/experts-react-what-to-know-about-israels-expanding-military-operations-in-gaza/', 'https://www.aha.org/news/headline/2023-10-25-aha-blog-why-biden-harris-administrations-new-national-cybersecurity-strategy-important-step-forward', 'https://www.newarab.com/analysis/why-india-leading-pro-israel-disinformation-campaign', 'https://www.cfr.org/defense-and-security/cybersecurity', 'https://www.orfonline.org/tags/israel/', 'https://www.whitehouse.gov/briefing-room/speeches-remarks/2023/10/25/remarks-by-president-biden-and-prime-minister-anthony-albanese-of-australia-in-joint-press-conference/', 'https://www.inss.org.il/', 'https://www.politico.com/newsletters/weekly-cybersecurity', 'https://um.fi/foreign-policy-and-security-policy', 'https://www.csa.gov.sg/', 'https://www.aspi.org.au/', 'https://dgap.org/en', 'https://www.idsa.in/', 'https://thediplomat.com/']","(['https://www.csis.org/analysis/experts-react-assessing-israeli-intelligence-and-potential-policy-failure', 'https://www.whitehouse.gov/briefing-room/speeches-remarks/2023/10/25/remarks-by-president-biden-and-prime-minister-anthony-albanese-of-australia-in-joint-press-conference/', 'https://www.csa.gov.sg/', 'https://www.aspi.org.au/', 'https://dgap.org/en', 'https://www.aha.org/news/headline/2023-10-25-aha-blog-why-biden-harris-administrations-new-national-cybersecurity-strategy-important-step-forward', 'https://www.orfonline.org/tags/israel/', 'https://www.atlanticcouncil.org/blogs/new-atlanticist/experts-react-what-to-know-about-israels-expanding-military-operations-in-gaza/', 'https://www.cfr.org/defense-and-security/cybersecurity', 'https://www.inss.org.il/'], ['.il'])",,30/10/2023,
Slovenia,"['https://www.igi-global.com/viewtitle.aspx?TitleId=332289&isxn=9781668488461', 'https://www.euractiv.com/section/politics/news/slovenia-extends-police-checks-amid-terrorism-organised-crime-concerns/', 'https://www.gov.si/en/news?cat%5B0%5D=2&cat%5B1%5D=1&start=2300', 'https://www.gov.si/en/news?cat%5B0%5D=3&cat%5B1%5D=1&start=4180', 'https://www.lexisnexis.co.uk/legal/guidance/protection-of-critical-infrastructure-cyber-security-in-the-eu-energy-sector', 'https://www.sans.org/blog/what-is-cyber-security-protecting-our-digital-tomorrow', 'https://www.weforum.org/agenda/slovenia/', 'https://www.nasdaq.com/articles/the-cybersecurity-landscape%3A-what-should-the-board-know-about-disclosures-and-requirements', 'https://www.telos.com/blog/2023/10/27/cybersecurity-news-in-review/', 'https://www.forvis.com/services/consulting/it-risk-compliance', 'https://www.who.int/europe/news-room/events/item/2023/11/09/default-calendar/third-meeting-of-the-technical-advisory-group-(tag)-on-the-development-of-the-strategy-and-action-plan-on-health-emergency-preparedness--response--and-resilience-(preparedness-2.0)-in-the-who-european-region', 'https://www.who.int/countries/svn', 'https://arcticwolf.com/resources/category/blog/', 'https://www.icao.int/Meetings/SecurityWeek2023/Pages/default.aspx', 'https://scs.georgetown.edu/news-and-events/event/9303/cybersecurity-risk-management-webinar-2023-10-30', 'https://darktrace.com/news/leading-university-bolsters-cyber-security-with-darktrace-ai', 'https://www.industrialcybersecuritypulse.com/', 'https://konbriefing.com/en-topics/cyber-attacks.html', 'https://www.state.gov/subjects/cyber-security/', 'https://www.nti.org/news/']","(['https://www.gov.si/en/news?cat%5B0%5D=2&cat%5B1%5D=1&start=2300', 'https://www.weforum.org/agenda/slovenia/', 'https://www.nti.org/news/', 'https://www.state.gov/subjects/cyber-security/', 'https://www.gov.si/en/news?cat%5B0%5D=3&cat%5B1%5D=1&start=4180', 'https://www.sans.org/blog/what-is-cyber-security-protecting-our-digital-tomorrow', 'https://www.euractiv.com/section/politics/news/slovenia-extends-police-checks-amid-terrorism-organised-crime-concerns/'], ['.si'])",,30/10/2023,
Australia,"['https://bowergroupasia.com/australia-prepares-raft-of-new-measures-to-update-tech-and-cyber-policies-and-laws/', 'https://www.theguardian.com/australia-news/2023/oct/24/microsoft-to-invest-5bn-in-australian-cybersecurity-over-next-two-years', 'https://privacy108.com.au/insights/cyber-security-regulation-in-australia-whats-the-current-status/', 'https://publicspectrum.co/emerging-technologies-transform-australian-cybersecurity/', 'https://www.csoonline.com/article/656781/microsoft-leads-the-build-of-australias-cyber-shields.html', 'https://www.cybersecurityconnect.com.au/government/9754-australia-hosts-joint-cyber-warfare-training-operations-with-the-us', 'https://www.itnews.com.au/news/minterellison-leans-on-ai-in-cyber-security-ops-601152', 'https://telecom.economictimes.indiatimes.com/news/internet/us-australia-to-discuss-china-pacific-security-in-white-house-visit/104700405', 'https://www.itnews.com.au/news/us-aust-leader-dialogue-covers-ai-space-cyber-security-601697', 'https://ia.acs.org.au/article/2023/govt-paid-mckinsey--1-3m-for-five-week-s-work.html', 'https://www.internationalaffairs.org.au/australianoutlook/the-republic-of-korea-australia-security-nexus/', 'https://press.un.org/en/2023/gadis3725.doc.htm', 'https://www.aspi.org.au/', 'https://www.tandfonline.com/doi/full/10.1080/10357718.2023.2274446?src=', 'https://www.homeaffairs.gov.au/about-us/who-we-are/our-senior-staff/darren-goldie-am-csc', 'https://www.globalgovernmentforum.com/digital-data-technology/cybersecurity/', 'https://www.aspistrategist.org.au/', 'https://www.politico.com/newsletters/weekly-cybersecurity', 'https://www.igi-global.com/viewtitle.aspx?TitleId=332288&isxn=9781668488461', 'https://www.deakin.edu.au/course/master-cyber-security']","(['https://www.homeaffairs.gov.au/about-us/who-we-are/our-senior-staff/darren-goldie-am-csc'], ['.gov.au'])",,30/10/2023,
Canada,"['https://www.lexology.com/library/detail.aspx?g=31da5f11-d223-4163-9d7f-abbaf5344e3a', 'https://www.itworldcanada.com/article/sector-2023-a-call-to-canadian-it-pros-for-political-action/550809', 'https://kpmg.com/ca/en/home/media/press-releases/2023/10/generative-ai-could-help-and-hinder-cybersecurity.html', 'https://www.itworldcanada.com/category/security', 'https://www.rsa.com/news/press-releases/rsa-announces-new-investments-to-fuel-4x-yoy-growth-in-canadian-saas-market/', 'https://blogs.blackberry.com/en/2023/10/blackberry-canada-trust-expands-partnership', 'https://www.linkedin.com/pulse/creating-cyber-security-incident-response-plan-checklist-mid-sized-kg5oe', 'https://www.kroll.com/en/insights/publications/cyber/2023-sec-cybersecurity-rules', 'https://press.un.org/en/2023/gadis3725.doc.htm', 'https://www.politico.com/newsletters/weekly-cybersecurity', 'https://www.cnbc.com/video/2023/10/30/canadas-indo-pacific-strategy-is-a-priority-canadian-trade-minister.html', 'https://www.getcybersafe.gc.ca/en', 'https://economictimes.indiatimes.com/tech/technology/india-fastest-growing-office-for-palo-alto-in-last-five-years-ceo-nikesh-arora/articleshow/104805464.cms', 'https://www.brookings.edu/centers/strobe-talbott-center-for-security-strategy-and-technology/', 'https://home.treasury.gov/policy-issues/international/g-7-and-g-20/g7-cyber-expert-group', 'https://www.canada.ca/en/defence-research-development.html', 'https://scs.georgetown.edu/news-and-events/event/9303/cybersecurity-risk-management-webinar-2023-10-30', 'https://www.globalgovernmentforum.com/digital-data-technology/data/', 'https://www.atlanticcouncil.org/programs/scowcroft-center-for-strategy-and-security/', 'https://www.canada.ca/en/news.html']","(['https://www.getcybersafe.gc.ca/en', 'https://home.treasury.gov/policy-issues/international/g-7-and-g-20/g7-cyber-expert-group'], ['.gc.ca'])",,30/10/2023,
Japan,"['https://www.japantimes.co.jp/tag/cybersecurity', 'https://japannews.yomiuri.co.jp/politics/defense-security/', 'https://darktrace.com/news/darktrace-announces-early-launch-into-japan', 'https://www.ft.com/partnercontent/google/help-wanted-tackling-the-talent-gap-in-cyber-security.html', 'https://www.frost.com/news/press-releases/frost-sullivan-recognizes-vicone-with-the-2023-competitive-strategy-leadership-award-for-delivering-a-highly-differentiated-portfolio-of-cybersecurity-software-for-the-automotive-industry/', 'https://www.atlanticcouncil.org/region/japan/', 'https://press.un.org/en/2023/gadis3725.doc.htm', 'https://www.kroll.com/en/insights/publications/cyber/2023-sec-cybersecurity-rules', 'https://www.cxotoday.com/interviews/navigating-the-cybersecurity-landscape-key-threats-generative-ai-and-zero-trust-strategies/', 'https://www3.nhk.or.jp/nhkworld/en/news/tags/91/', 'https://www.cfr.org/defense-and-security/cybersecurity', 'https://www.brookings.edu/events/japan-in-2023/', 'https://www3.weforum.org/docs/WEF_Response_to_the_White_House%E2%80%99s_Request_on_Harmonizing_Cybersecurity_Regulations_2023.pdf', 'https://www.cybersecuritydive.com/topic/regulation/', 'https://icwa.in/show_content.php?lang=1&level=1&ls_id=10078&lid=6428', 'https://www.ceps.eu/ceps-events/a-pillar-of-stability-in-an-unstable-world-strengthening-eu-japan-maritime-security-defence-cooperation/', 'https://www.csis.org/', 'https://www.meti.go.jp/english/', 'https://home.treasury.gov/policy-issues/international/g-7-and-g-20/g7-cyber-expert-group', 'https://www.stimson.org/research/pivotal-places/asia-indopac/']","(['https://www3.weforum.org/docs/WEF_Response_to_the_White_House%E2%80%99s_Request_on_Harmonizing_Cybersecurity_Regulations_2023.pdf', 'https://press.un.org/en/2023/gadis3725.doc.htm', 'https://www.atlanticcouncil.org/region/japan/', 'https://www3.nhk.or.jp/nhkworld/en/news/tags/91/', 'https://www.csis.org/', 'https://home.treasury.gov/policy-issues/international/g-7-and-g-20/g7-cyber-expert-group', 'https://www.meti.go.jp/english/', 'https://www.japantimes.co.jp/tag/cybersecurity', 'https://www.stimson.org/research/pivotal-places/asia-indopac/', 'https://japannews.yomiuri.co.jp/politics/defense-security/', 'https://www.cfr.org/defense-and-security/cybersecurity'], ['.jp'])",,30/10/2023,
Latvia,"['https://www.igi-global.com/viewtitle.aspx?TitleId=332289&isxn=9781668488461', 'https://eng.lsm.lv/article/features/media/26.10.2023-new-attempt-to-tackle-disinformation-menace-in-latvia.a529299/', 'https://www.enisa.europa.eu/news/germany-wins-the-2023-european-cybersecurity-challenge', 'https://www.lexisnexis.co.uk/legal/guidance/protection-of-critical-infrastructure-cyber-security-in-the-eu-energy-sector', 'https://fipra.com/update/nato-and-a-360-approach-to-cyber-security/', 'https://www.sans.org/blog/what-is-cyber-security-protecting-our-digital-tomorrow', 'https://www.picussecurity.com/resource/ukrtelecom', 'https://www.weforum.org/agenda/latvia/', 'https://www.nasdaq.com/articles/the-cybersecurity-landscape%3A-what-should-the-board-know-about-disclosures-and-requirements', 'https://research.njit.edu/cybersecurity/cyber-news', 'https://www.forvis.com/services/consulting/it-risk-compliance', 'https://kpmg.com/ca/en/home/media/press-releases/2023/10/generative-ai-could-help-and-hinder-cybersecurity.html', 'https://www.who.int/europe/news-room/events/item/2023/11/09/default-calendar/third-meeting-of-the-technical-advisory-group-(tag)-on-the-development-of-the-strategy-and-action-plan-on-health-emergency-preparedness--response--and-resilience-(preparedness-2.0)-in-the-who-european-region', 'https://arcticwolf.com/resources/category/blog/', 'https://www.icao.int/Meetings/SecurityWeek2023/Pages/default.aspx', 'https://www.industrialcybersecuritypulse.com/', 'https://scs.georgetown.edu/news-and-events/event/9303/cybersecurity-risk-management-webinar-2023-10-30', 'https://www.state.gov/subjects/cyber-security/', 'https://www.vodafone.com/news/technology-news/vodafone-tele2', 'https://www.janes.com/defence-news']","(['https://www.weforum.org/agenda/latvia/', 'https://www.enisa.europa.eu/news/germany-wins-the-2023-european-cybersecurity-challenge', 'https://eng.lsm.lv/article/features/media/26.10.2023-new-attempt-to-tackle-disinformation-menace-in-latvia.a529299/', 'https://www.state.gov/subjects/cyber-security/', 'https://www.sans.org/blog/what-is-cyber-security-protecting-our-digital-tomorrow'], ['.lv'])",,30/10/2023,
Lithuania,"['https://www.miragenews.com/eu-approves-lithuanias-revised-e3-8b-recovery-1109667/', 'https://www.igi-global.com/viewtitle.aspx?TitleId=332289&isxn=9781668488461', 'https://www.igi-global.com/viewtitle.aspx?TitleId=332288&isxn=9781668488461', 'https://kam.lt/en/u-s-confirmed-amraam-sales-to-lithuania/', 'https://kam.lt/en/host-nation-support-allocations-triple-to-provide-allied-troops-the-needed-conditions/', 'https://www.aspistrategist.org.au/the-five-domains-update-181/', 'https://www.airforce-technology.com/news/lithuania-acquires-amraam-missiles-for-its-ground-based-nasams-systems/', 'https://www.politico.eu/article/gitanas-nauseda-viktor-orban-vladimir-putin-ukraine-war-lithuania-hungary-russia/', 'https://www.sans.org/blog/what-is-cyber-security-protecting-our-digital-tomorrow', 'https://www.picussecurity.com/resource/ukrtelecom', 'https://www.lexisnexis.co.uk/legal/guidance/protection-of-critical-infrastructure-cyber-security-in-the-eu-energy-sector', 'https://jp.mfa.lt/default/en/news/activities-of-the-minister-of-foreign-affairs', 'https://kpmg.com/ca/en/home/media/press-releases/2023/10/generative-ai-could-help-and-hinder-cybersecurity.html', 'https://www.forvis.com/services/consulting/it-risk-compliance', 'https://www.who.int/europe/news-room/events/item/2023/11/09/default-calendar/third-meeting-of-the-technical-advisory-group-(tag)-on-the-development-of-the-strategy-and-action-plan-on-health-emergency-preparedness--response--and-resilience-(preparedness-2.0)-in-the-who-european-region', 'https://www.vodafone.com/news/technology-news/vodafone-tele2', 'https://scs.georgetown.edu/news-and-events/event/9303/cybersecurity-risk-management-webinar-2023-10-30', 'https://investlithuania.com/events/19th-european-manufacturing-strategies-summit-2023/', 'https://www.nti.org/news/', 'https://arcticwolf.com/resources/category/blog/']","(['https://www.sans.org/blog/what-is-cyber-security-protecting-our-digital-tomorrow', 'https://www.aspistrategist.org.au/the-five-domains-update-181/', 'https://jp.mfa.lt/default/en/news/activities-of-the-minister-of-foreign-affairs', 'https://www.nti.org/news/', 'https://kam.lt/en/u-s-confirmed-amraam-sales-to-lithuania/', 'https://kam.lt/en/host-nation-support-allocations-triple-to-provide-allied-troops-the-needed-conditions/', 'https://www.politico.eu/article/gitanas-nauseda-viktor-orban-vladimir-putin-ukraine-war-lithuania-hungary-russia/'], ['.lt'])",,30/10/2023,
Greece,"[['https://www.politico.eu/article/greece-safe-sea-corridor-gaza-kyriakos-mitsotakis-palestine-israel-war-hamas/', 'https://www.era.europa.eu/content/3rd-era-enisa-conference-cybersecurity-railways', 'https://www.politico.eu/article/violent-demise-neighborhood-exarcheia-epitomize-greece-political-spirit/', 'https://agenceurope.eu/en/bulletin/article/13302/24', 'https://www.euronews.com/2023/11/09/the-enemy-is-false-information-world-leaders-and-businesses-take-on-cybersecurity-in-riyad'], ['.gr']]"
Ireland,"[['https://www.ncsc.gov.uk/news/uk-develops-new-global-guidelines-ai-security', 'https://www.grantthornton.ie/insights/factsheets/cybersecurity-threats-enter-a-new-era-as-ai-technology-breeds-new-challenges-for-businesses/', 'https://www.itsecurityguru.org/'], ['.ie']]"
Czechia,"[['https://www.cybertalk.org/2023/11/28/4-key-insights-the-new-global-ai-cyber-security-guidelines/', 'https://www.computerweekly.com/news/366561153/NCSC-publishes-landmark-guidelines-on-AI-cyber-security', 'https://www.publictechnology.net/2023/11/29/defence-and-security/uk-and-us-lead-creation-of-global-cyber-guidelines-for-ai/', 'https://www.euractiv.com/section/politics/news/czechia-running-low-on-weapons-to-send-ukraine/', 'https://www.ncsc.gov.uk/news/uk-develops-new-global-guidelines-ai-security', 'https://www.expats.cz/czech-news/article/revealed-these-are-czechia-s-20-most-common-passwords', 'https://www.bankinfosecurity.com/news', 'https://www.itworldcanada.com/article/canada-u-s-sign-international-guidelines-for-safe-ai-development/554073', 'https://www.eccouncil.org/cybersecurity-exchange/computer-forensics/cybercrime-types-prevention-digital-forensics/', 'https://www.databreachtoday.in/', 'https://www.linkedin.com/pulse/cyber-briefing-20231117-cybermaterial-w9nee?trk=article-ssr-frontend-pulse_more-articles_related-content-card', 'https://www.forbes.com/sites/emmawoollacott/2023/11/27/us-uk-and-16-other-nations-agree-ai-security-guidelines/', 'https://www.expats.cz/czech-news/article/new-czech-security-strategy-warns-of-russian-imperialist-ambitions', 'https://www.govinfosecurity.com/dp-world-says-australian-employee-data-stolen-in-attack-a-23699', 'https://www.theregister.com/2023/11/27/uks_global_guidance_leads_international/', 'https://www.aon.com/en/insights/reports/global-risk-management-survey/top-risks-facing-public-sector-organizations', 'https://cybersecurityventures.com/ransomware-report/', 'https://www.amarujala.com/technology/tip-of-the-day/google-search-safety-tips-follow-these-tips-unless-you-may-be-cheated-2023-11-28', 'https://www.europarl.europa.eu/thinktank/en/research/advanced-search/pdf?keywords=3226', 'https://www.govinfosecurity.com/', 'https://www.dataguidance.com/news/greece-ministry-proposes-bill-establishment-national', 'https://thehackernews.com/search/label/ddos%20attack', 'https://economictimes.indiatimes.com/tech/technology/explained-what-the-ai-cybersecurity-guidelines-endorsed-by-the-us-uk-and-16-other-countries-entail/articleshow/105554278.cms', 'https://www.ukauthority.com/articles/uk-government-backs-guidelines-for-secure-ai/'], []]"
Chile,"[['https://www.ncsc.gov.uk/news/uk-develops-new-global-guidelines-ai-security', 'https://www.whitehouse.gov/briefing-room/statements-releases/2023/10/30/fact-sheet-president-biden-issues-executive-order-on-safe-secure-and-trustworthy-artificial-intelligence/'], ['.itu', '.gob.cl']]"
Estonia,"[['https://www.politico.eu/article/tensions-rise-over-future-osce-world-largest-security-body-russia-belarus-estonia/', 'https://www.ncsc.gov.uk/news/uk-develops-new-global-guidelines-ai-security', 'https://itl.ee/en/cyber-support/', 'https://news.err.ee/1609158376/cyber-battle-of-region-s-best-young-ethical-hackers-to-take-place-in-tartu', 'https://www.politico.eu/article/energy-power-europe-grid-is-under-a-cyberattack-deluge-industry-warns/', 'https://www.euronews.com/2023/11/09/the-enemy-is-false-information-world-leaders-and-businesses-take-on-cybersecurity-in-riyad'], ['.ee']]"
Hungary,"[['https://www.politico.eu/article/hungary-viktor-orban-threatens-to-blow-up-eu-ukraine-policy-european-union/', 'https://agenceurope.eu/en/bulletin/article/13301/25', 'https://www.euractiv.com/topics/cybersecurity/', 'https://www.sans.org/white-papers/'], ['.hu']]"
Greece,"['https://www.era.europa.eu/content/3rd-era-enisa-conference-cybersecurity-railways', 'https://www.euronews.com/2023/11/09/the-enemy-is-false-information-world-leaders-and-businesses-take-on-cybersecurity-in-riyad']"
Ireland,"['https://www.bcs.org/articles-opinion-and-research/the-biggest-cyber-attacks-of-2023/', 'https://www.grantthornton.ie/insights/factsheets/cybersecurity-threats-enter-a-new-era-as-ai-technology-breeds-new-challenges-for-businesses/', 'https://www.ncsc.gov.uk/news/uk-develops-new-global-guidelines-ai-security']"
Czechia,"['https://www.publictechnology.net/2023/11/29/defence-and-security/uk-and-us-lead-creation-of-global-cyber-guidelines-for-ai/', 'https://www.govinfosecurity.com/cybersecurity-spending-c-664', 'https://www.expats.cz/czech-news/article/new-czech-security-strategy-warns-of-russian-imperialist-ambitions', 'https://www.forbes.com/sites/emmawoollacott/2023/11/27/us-uk-and-16-other-nations-agree-ai-security-guidelines/', 'https://www.cybertalk.org/2023/11/28/4-key-insights-the-new-global-ai-cyber-security-guidelines/', 'https://www.ncsc.gov.uk/news/uk-develops-new-global-guidelines-ai-security', 'https://www.computerweekly.com/news/366561153/NCSC-publishes-landmark-guidelines-on-AI-cyber-security']"
Chile,['https://www.ncsc.gov.uk/news/uk-develops-new-global-guidelines-ai-security']
Estonia,"['https://www.ncsc.gov.uk/news/uk-develops-new-global-guidelines-ai-security', 'https://itl.ee/en/cyber-support/', 'https://www.euronews.com/2023/11/09/the-enemy-is-false-information-world-leaders-and-businesses-take-on-cybersecurity-in-riyad', 'https://news.err.ee/1609158376/cyber-battle-of-region-s-best-young-ethical-hackers-to-take-place-in-tartu', 'https://www.politico.eu/article/tensions-rise-over-future-osce-world-largest-security-body-russia-belarus-estonia/']"
Hungary,"['https://www.politico.eu/article/hungary-viktor-orban-threatens-to-blow-up-eu-ukraine-policy-european-union/', 'https://www.euractiv.com/topics/cybersecurity/']"
Slovenia,[]
Canada,[]
Greece,"['https://www.euronews.com/2023/11/09/the-enemy-is-false-information-world-leaders-and-businesses-take-on-cybersecurity-in-riyad', 'https://www.era.europa.eu/content/3rd-era-enisa-conference-cybersecurity-railways']"
